Timestamp,User Count,Type,Name,Requests/s,Failures/s,50%,66%,75%,80%,90%,95%,98%,99%,99.9%,99.99%,100%,Total Request Count,Total Failure Count,Total Median Response Time,Total Average Response Time,Total Min Response Time,Total Max Response Time,Total Average Content Size
1643977709,0,,Aggregated,0.000000,0.000000,N/A,N/A,N/A,N/A,N/A,N/A,N/A,N/A,N/A,N/A,N/A,0,0,0,0,0,0,0
1643977710,10,POST,/v1/models/mnist:predict,0.000000,0.000000,0,0,0,0,0,0,0,0,0,0,0,10,0,550.0,564.6004523150623,312.075013294816,830.5055182427168,38924.0
1643977710,10,,Aggregated,0.000000,0.000000,0,0,0,0,0,0,0,0,0,0,0,10,0,550.0,564.6004523150623,312.075013294816,830.5055182427168,38924.0
1643977711,20,POST,/v1/models/mnist:predict,0.000000,0.000000,0,0,0,0,0,0,0,0,0,0,0,15,0,720.0,688.1247398753961,312.075013294816,1220.6543171778321,38924.0
1643977711,20,,Aggregated,0.000000,0.000000,720,770,870,920,930,1200,1200,1200,1200,1200,1200,15,0,720.0,688.1247398753961,312.075013294816,1220.6543171778321,38924.0
1643977713,30,POST,/v1/models/mnist:predict,0.000000,0.000000,1400,1600,1900,2000,2200,2200,2200,2200,2200,2200,2200,30,0,1100.0,1154.6242111362517,312.075013294816,2241.159743629396,38924.0
1643977713,30,,Aggregated,0.000000,0.000000,1200,1300,1500,1900,2100,2200,2200,2200,2200,2200,2200,30,0,1100.0,1154.6242111362517,312.075013294816,2241.159743629396,38924.0
1643977714,40,POST,/v1/models/mnist:predict,5.000000,0.000000,1500,1900,2000,2200,2300,2400,2400,2400,2400,2400,2400,45,0,1300.0,1335.5831420462991,312.075013294816,2446.730683557689,38924.0
1643977714,40,,Aggregated,5.000000,0.000000,1300,1600,1900,2000,2300,2300,2400,2400,2400,2400,2400,45,0,1300.0,1335.5831420462991,312.075013294816,2446.730683557689,38924.0
1643977715,50,POST,/v1/models/mnist:predict,7.500000,0.000000,1600,2100,2200,2300,2400,2800,3100,3100,3100,3100,3100,51,0,1400.0,1491.8336309857812,312.075013294816,3058.8123686611652,38924.0
1643977715,50,,Aggregated,7.500000,0.000000,1400,1900,2200,2200,2400,2800,2900,3100,3100,3100,3100,51,0,1400.0,1491.8336309857812,312.075013294816,3058.8123686611652,38924.0
1643977716,60,POST,/v1/models/mnist:predict,6.200000,0.000000,1900,2200,2300,2400,2400,2800,3100,3100,3100,3100,3100,54,0,1400.0,1540.9118474668098,312.075013294816,3058.8123686611652,38924.0
1643977716,60,,Aggregated,6.200000,0.000000,1500,1900,2200,2300,2400,2800,2900,3100,3100,3100,3100,54,0,1400.0,1540.9118474668098,312.075013294816,3058.8123686611652,38924.0
1643977717,70,POST,/v1/models/mnist:predict,7.500000,0.000000,1900,2300,2400,2500,2900,3000,3100,3100,3100,3100,3100,60,0,1600.0,1677.7741335798055,312.075013294816,3113.133067265153,38924.0
1643977717,70,,Aggregated,7.500000,0.000000,1600,2200,2400,2400,2900,3000,3100,3100,3100,3100,3100,60,0,1600.0,1677.7741335798055,312.075013294816,3113.133067265153,38924.0
1643977718,80,POST,/v1/models/mnist:predict,7.285714,0.000000,2200,2400,2800,2900,3000,3100,3100,3200,3200,3200,3200,68,0,1900.0,1827.3754942313055,312.075013294816,3198.6025031656027,38924.0
1643977718,80,,Aggregated,7.285714,0.000000,1900,2300,2500,2900,3000,3100,3100,3200,3200,3200,3200,68,0,1900.0,1827.3754942313055,312.075013294816,3198.6025031656027,38924.0
1643977720,90,POST,/v1/models/mnist:predict,6.875000,0.000000,2300,2400,2900,3000,3100,3100,3200,3300,3300,3300,3300,75,0,2100.0,1918.5610224803288,312.075013294816,3258.405947126448,38924.0
1643977720,90,,Aggregated,6.875000,0.000000,2300,2400,2900,3000,3100,3100,3200,3300,3300,3300,3300,75,0,2100.0,1918.5610224803288,312.075013294816,3258.405947126448,38924.0
1643977721,100,POST,/v1/models/mnist:predict,7.400000,0.000000,2500,3000,3100,3200,7900,8100,8400,8900,8900,8900,8900,95,0,2300.0,2675.3325607235492,312.075013294816,8939.220110885799,38924.0
1643977721,100,,Aggregated,7.400000,0.000000,2500,3000,3100,3200,7900,8100,8400,8900,8900,8900,8900,95,0,2300.0,2675.3325607235492,312.075013294816,8939.220110885799,38924.0
1643977722,100,POST,/v1/models/mnist:predict,7.500000,0.000000,2800,3100,3200,7900,8200,8800,9100,9200,9200,9200,9200,113,0,2400.0,3079.3546869922266,312.075013294816,9166.79856274277,38924.0
1643977722,100,,Aggregated,7.500000,0.000000,2800,3100,3200,7900,8200,8800,9100,9200,9200,9200,9200,113,0,2400.0,3079.3546869922266,312.075013294816,9166.79856274277,38924.0
1643977723,100,POST,/v1/models/mnist:predict,8.000000,0.000000,2700,3100,3200,7800,8200,8900,9100,9200,9200,9200,9200,128,0,2400.0,3061.8573415631545,312.075013294816,9166.79856274277,38924.0
1643977723,100,,Aggregated,8.000000,0.000000,2700,3100,3200,7800,8200,8900,9100,9200,9200,9200,9200,128,0,2400.0,3061.8573415631545,312.075013294816,9166.79856274277,38924.0
1643977724,100,POST,/v1/models/mnist:predict,8.800000,0.000000,2700,3000,3200,7800,8200,8900,9100,9200,9200,9200,9200,144,0,2300.0,2949.2927031565664,312.075013294816,9166.79856274277,38924.0
1643977724,100,,Aggregated,8.800000,0.000000,2700,3000,3200,7800,8200,8900,9100,9200,9200,9200,9200,144,0,2300.0,2949.2927031565664,312.075013294816,9166.79856274277,38924.0
1643977726,100,POST,/v1/models/mnist:predict,8.500000,0.000000,2700,3100,3300,8000,8900,9900,10000,10000,11000,11000,11000,173,0,2400.0,3169.949702590144,312.075013294816,10589.39750958234,38924.0
1643977726,100,,Aggregated,8.500000,0.000000,2700,3100,3300,8000,8900,9900,10000,10000,11000,11000,11000,173,0,2400.0,3169.949702590144,312.075013294816,10589.39750958234,38924.0
1643977728,100,POST,/v1/models/mnist:predict,12.200000,0.000000,2600,3400,8000,8600,10000,11000,12000,12000,12000,12000,12000,203,0,2400.0,3543.843249694027,312.075013294816,12233.551260083914,38924.0
1643977728,100,,Aggregated,12.200000,0.000000,2600,3400,8000,8600,10000,11000,12000,12000,12000,12000,12000,203,0,2400.0,3543.843249694027,312.075013294816,12233.551260083914,38924.0
1643977729,100,POST,/v1/models/mnist:predict,12.200000,0.000000,2800,3500,8000,8600,10000,12000,12000,12000,13000,13000,13000,213,0,2500.0,3628.3022151437935,312.075013294816,12673.377773724496,38924.0
1643977729,100,,Aggregated,12.200000,0.000000,2800,3500,8000,8600,10000,12000,12000,12000,13000,13000,13000,213,0,2500.0,3628.3022151437935,312.075013294816,12673.377773724496,38924.0
1643977730,100,POST,/v1/models/mnist:predict,13.700000,0.000000,2800,3500,8200,9200,12000,12000,13000,13000,13000,13000,13000,231,0,2600.0,3934.804627615394,312.075013294816,12908.388560637832,38924.0
1643977730,100,,Aggregated,13.700000,0.000000,2800,3500,8200,9200,12000,12000,13000,13000,13000,13000,13000,231,0,2600.0,3934.804627615394,312.075013294816,12908.388560637832,38924.0
1643977731,100,POST,/v1/models/mnist:predict,12.700000,0.000000,3200,3700,9100,10000,12000,13000,13000,14000,14000,14000,14000,254,0,2700.0,4157.880440523012,312.075013294816,13644.083957187831,38924.0
1643977731,100,,Aggregated,12.700000,0.000000,3200,3700,9100,10000,12000,13000,13000,14000,14000,14000,14000,254,0,2700.0,4157.880440523012,312.075013294816,13644.083957187831,38924.0
1643977733,100,POST,/v1/models/mnist:predict,16.400000,0.000000,3500,5600,11000,12000,13000,14000,14000,15000,15000,15000,15000,293,0,3000.0,4558.218360799063,312.075013294816,15107.545537874103,38924.0
1643977733,100,,Aggregated,16.400000,0.000000,3500,5600,11000,12000,13000,14000,14000,15000,15000,15000,15000,293,0,3000.0,4558.218360799063,312.075013294816,15107.545537874103,38924.0
1643977734,100,POST,/v1/models/mnist:predict,15.100000,0.000000,3900,6500,11000,12000,14000,14000,15000,15000,16000,16000,16000,317,0,3100.0,4806.599188217017,312.075013294816,16294.186005368829,38924.0
1643977734,100,,Aggregated,15.100000,0.000000,3900,6500,11000,12000,14000,14000,15000,15000,16000,16000,16000,317,0,3100.0,4806.599188217017,312.075013294816,16294.186005368829,38924.0
1643977736,100,POST,/v1/models/mnist:predict,15.800000,0.000000,4500,6600,12000,13000,14000,14000,15000,15000,16000,16000,16000,323,0,3100.0,4797.604259432239,312.075013294816,16294.186005368829,38924.0
1643977736,100,,Aggregated,15.800000,0.000000,4500,6600,12000,13000,14000,14000,15000,15000,16000,16000,16000,323,0,3100.0,4797.604259432239,312.075013294816,16294.186005368829,38924.0
1643977737,100,POST,/v1/models/mnist:predict,16.500000,0.000000,4700,6600,12000,13000,14000,15000,16000,16000,16000,16000,16000,366,0,3400.0,5056.551161346845,312.075013294816,16499.1361675784,38924.0
1643977737,100,,Aggregated,16.500000,0.000000,4700,6600,12000,13000,14000,15000,16000,16000,16000,16000,16000,366,0,3400.0,5056.551161346845,312.075013294816,16499.1361675784,38924.0
1643977739,100,POST,/v1/models/mnist:predict,15.600000,0.000000,4900,6600,7300,13000,14000,15000,16000,16000,16000,16000,16000,373,0,3500.0,5066.878006091945,312.075013294816,16499.1361675784,38924.0
1643977739,100,,Aggregated,15.600000,0.000000,4900,6600,7300,13000,14000,15000,16000,16000,16000,16000,16000,373,0,3500.0,5066.878006091945,312.075013294816,16499.1361675784,38924.0
1643977741,100,POST,/v1/models/mnist:predict,17.600000,0.000000,5400,6200,7000,7300,14000,15000,16000,16000,16000,16000,16000,408,0,3700.0,5111.560862785314,312.075013294816,16499.1361675784,38924.0
1643977741,100,,Aggregated,17.600000,0.000000,5400,6200,7000,7300,14000,15000,16000,16000,16000,16000,16000,408,0,3700.0,5111.560862785314,312.075013294816,16499.1361675784,38924.0
1643977742,100,POST,/v1/models/mnist:predict,16.700000,0.000000,5300,6400,6900,7100,14000,15000,16000,16000,16000,16000,16000,442,0,3900.0,5125.684719836146,312.075013294816,16499.1361675784,38924.0
1643977742,100,,Aggregated,16.700000,0.000000,5300,6400,6900,7100,14000,15000,16000,16000,16000,16000,16000,442,0,3900.0,5125.684719836146,312.075013294816,16499.1361675784,38924.0
1643977744,100,POST,/v1/models/mnist:predict,17.400000,0.000000,5500,6100,6800,7000,7700,15000,16000,16000,16000,16000,16000,472,0,4300.0,5175.024518962176,312.075013294816,16499.1361675784,38924.0
1643977744,100,,Aggregated,17.400000,0.000000,5500,6100,6800,7000,7700,15000,16000,16000,16000,16000,16000,472,0,4300.0,5175.024518962176,312.075013294816,16499.1361675784,38924.0
1643977745,100,POST,/v1/models/mnist:predict,17.200000,0.000000,5300,5900,6300,6800,7200,7800,16000,16000,16000,16000,16000,500,0,4400.0,5163.794093549252,312.075013294816,16499.1361675784,38924.0
1643977745,100,,Aggregated,17.200000,0.000000,5300,5900,6300,6800,7200,7800,16000,16000,16000,16000,16000,500,0,4400.0,5163.794093549252,312.075013294816,16499.1361675784,38924.0
1643977747,100,POST,/v1/models/mnist:predict,15.500000,0.000000,5400,5900,6200,6500,7100,7600,7800,8200,8500,8500,8500,506,0,4400.0,5168.256244970036,312.075013294816,16499.1361675784,38924.0
1643977747,100,,Aggregated,15.500000,0.000000,5400,5900,6200,6500,7100,7600,7800,8200,8500,8500,8500,506,0,4400.0,5168.256244970036,312.075013294816,16499.1361675784,38924.0
1643977749,100,POST,/v1/models/mnist:predict,15.400000,0.000000,5400,6000,6300,6500,7100,7800,8000,8500,9600,9600,9600,546,0,4500.0,5217.932768727247,312.075013294816,16499.1361675784,38924.0
1643977749,100,,Aggregated,15.400000,0.000000,5400,6000,6300,6500,7100,7800,8000,8500,9600,9600,9600,546,0,4500.0,5217.932768727247,312.075013294816,16499.1361675784,38924.0
1643977750,100,POST,/v1/models/mnist:predict,16.400000,0.000000,5400,6000,6300,6500,7100,7800,8000,8500,9600,9600,9600,555,0,4600.0,5225.2466640561015,312.075013294816,16499.1361675784,38924.0
1643977750,100,,Aggregated,16.400000,0.000000,5400,6000,6300,6500,7100,7800,8000,8500,9600,9600,9600,555,0,4600.0,5225.2466640561015,312.075013294816,16499.1361675784,38924.0
1643977752,100,POST,/v1/models/mnist:predict,14.800000,0.000000,5500,6100,6500,6600,7000,7800,7900,8500,9600,9600,9600,597,0,4700.0,5258.8519476856445,312.075013294816,16499.1361675784,38924.0
1643977752,100,,Aggregated,14.800000,0.000000,5500,6100,6500,6600,7000,7800,7900,8500,9600,9600,9600,597,0,4700.0,5258.8519476856445,312.075013294816,16499.1361675784,38924.0
1643977753,100,POST,/v1/models/mnist:predict,14.900000,0.000000,5500,6100,6500,6600,7100,7700,7900,8500,9600,9600,9600,607,0,4700.0,5258.295655540533,312.075013294816,16499.1361675784,38924.0
1643977753,100,,Aggregated,14.900000,0.000000,5500,6100,6500,6600,7100,7700,7900,8500,9600,9600,9600,607,0,4700.0,5258.295655540533,312.075013294816,16499.1361675784,38924.0
1643977755,100,POST,/v1/models/mnist:predict,15.800000,0.000000,5400,5800,6300,6500,6900,7600,7900,8500,9600,9600,9600,645,0,4900.0,5270.3129048885185,312.075013294816,16499.1361675784,38924.0
1643977755,100,,Aggregated,15.800000,0.000000,5400,5800,6300,6500,6900,7600,7900,8500,9600,9600,9600,645,0,4900.0,5270.3129048885185,312.075013294816,16499.1361675784,38924.0
1643977756,100,POST,/v1/models/mnist:predict,16.000000,0.000000,5500,5800,6400,6500,6900,7500,7800,8000,9600,9600,9600,656,0,4900.0,5274.816759191908,312.075013294816,16499.1361675784,38924.0
1643977756,100,,Aggregated,16.000000,0.000000,5500,5800,6400,6500,6900,7500,7800,8000,9600,9600,9600,656,0,4900.0,5274.816759191908,312.075013294816,16499.1361675784,38924.0
1643977758,100,POST,/v1/models/mnist:predict,14.300000,0.000000,5600,6000,6400,6500,6900,7100,7600,7800,8000,8000,8000,694,0,5000.0,5295.903354722158,312.075013294816,16499.1361675784,38924.0
1643977758,100,,Aggregated,14.300000,0.000000,5600,6000,6400,6500,6900,7100,7600,7800,8000,8000,8000,694,0,5000.0,5295.903354722158,312.075013294816,16499.1361675784,38924.0
1643977759,100,POST,/v1/models/mnist:predict,16.000000,0.000000,5500,5900,6400,6500,6900,7100,7600,7800,7800,7800,7800,708,0,5000.0,5292.885881882835,312.075013294816,16499.1361675784,38924.0
1643977759,100,,Aggregated,16.000000,0.000000,5500,5900,6400,6500,6900,7100,7600,7800,7800,7800,7800,708,0,5000.0,5292.885881882835,312.075013294816,16499.1361675784,38924.0
1643977761,100,POST,/v1/models/mnist:predict,16.300000,0.000000,5400,5800,6300,6400,6800,7100,7600,7800,7800,7800,7800,744,0,5000.0,5293.559898152917,312.075013294816,16499.1361675784,38924.0
1643977761,100,,Aggregated,16.300000,0.000000,5400,5800,6300,6400,6800,7100,7600,7800,7800,7800,7800,744,0,5000.0,5293.559898152917,312.075013294816,16499.1361675784,38924.0
1643977762,100,POST,/v1/models/mnist:predict,17.000000,0.000000,5400,5800,6300,6400,6600,7000,7600,7800,7800,7800,7800,756,0,5000.0,5302.823537434624,312.075013294816,16499.1361675784,38924.0
1643977762,100,,Aggregated,17.000000,0.000000,5400,5800,6300,6400,6600,7000,7600,7800,7800,7800,7800,756,0,5000.0,5302.823537434624,312.075013294816,16499.1361675784,38924.0
1643977764,100,POST,/v1/models/mnist:predict,17.900000,0.000000,5300,5700,6200,6300,6600,7000,7600,7800,8200,8200,8200,794,0,5000.0,5295.121712170269,312.075013294816,16499.1361675784,38924.0
1643977764,100,,Aggregated,17.900000,0.000000,5300,5700,6200,6300,6600,7000,7600,7800,8200,8200,8200,794,0,5000.0,5295.121712170269,312.075013294816,16499.1361675784,38924.0
1643977766,100,POST,/v1/models/mnist:predict,15.700000,0.000000,5300,5700,6200,6300,6500,6800,7500,7600,8200,8200,8200,806,0,5000.0,5301.8697170868845,312.075013294816,16499.1361675784,38924.0
1643977766,100,,Aggregated,15.700000,0.000000,5300,5700,6200,6300,6500,6800,7500,7600,8200,8200,8200,806,0,5000.0,5301.8697170868845,312.075013294816,16499.1361675784,38924.0
1643977767,100,POST,/v1/models/mnist:predict,17.800000,0.000000,5200,5600,6100,6300,6500,6700,7000,7600,8200,8200,8200,844,0,5000.0,5298.25035405513,312.075013294816,16499.1361675784,38924.0
1643977767,100,,Aggregated,17.800000,0.000000,5200,5600,6100,6300,6500,6700,7000,7600,8200,8200,8200,844,0,5000.0,5298.25035405513,312.075013294816,16499.1361675784,38924.0
1643977769,100,POST,/v1/models/mnist:predict,16.000000,0.000000,5100,5500,6000,6300,6600,6900,7000,7500,8200,8200,8200,855,0,5100.0,5304.108874975807,312.075013294816,16499.1361675784,38924.0
1643977769,100,,Aggregated,16.000000,0.000000,5100,5500,6000,6300,6600,6900,7000,7500,8200,8200,8200,855,0,5100.0,5304.108874975807,312.075013294816,16499.1361675784,38924.0
1643977770,100,POST,/v1/models/mnist:predict,17.700000,0.000000,5100,5500,6000,6200,6600,6900,7500,7600,8200,8200,8200,893,0,5100.0,5304.531139316411,312.075013294816,16499.1361675784,38924.0
1643977770,100,,Aggregated,17.700000,0.000000,5100,5500,6000,6200,6600,6900,7500,7600,8200,8200,8200,893,0,5100.0,5304.531139316411,312.075013294816,16499.1361675784,38924.0
1643977772,100,POST,/v1/models/mnist:predict,16.100000,0.000000,5100,5600,6000,6200,6600,6900,7600,7600,8200,8200,8200,905,0,5100.0,5299.03822996916,312.075013294816,16499.1361675784,38924.0
1643977772,100,,Aggregated,16.100000,0.000000,5100,5600,6000,6200,6600,6900,7600,7600,8200,8200,8200,905,0,5100.0,5299.03822996916,312.075013294816,16499.1361675784,38924.0
1643977773,100,POST,/v1/models/mnist:predict,17.000000,0.000000,5100,5500,5900,6100,6600,6900,7500,7600,7600,7600,7600,943,0,5100.0,5299.549903171503,312.075013294816,16499.1361675784,38924.0
1643977773,100,,Aggregated,17.000000,0.000000,5100,5500,5900,6100,6600,6900,7500,7600,7600,7600,7600,943,0,5100.0,5299.549903171503,312.075013294816,16499.1361675784,38924.0
1643977775,100,POST,/v1/models/mnist:predict,16.600000,0.000000,5100,5500,5900,6100,6600,6900,7500,7600,7600,7600,7600,954,0,5100.0,5298.26422481538,312.075013294816,16499.1361675784,38924.0
1643977775,100,,Aggregated,16.600000,0.000000,5100,5500,5900,6100,6600,6900,7500,7600,7600,7600,7600,954,0,5100.0,5298.26422481538,312.075013294816,16499.1361675784,38924.0
1643977776,100,POST,/v1/models/mnist:predict,17.200000,0.000000,5100,5500,6000,6100,6600,6900,7500,7600,7600,7600,7600,992,0,5100.0,5292.349472916084,312.075013294816,16499.1361675784,38924.0
1643977776,100,,Aggregated,17.200000,0.000000,5100,5500,6000,6100,6600,6900,7500,7600,7600,7600,7600,992,0,5100.0,5292.349472916084,312.075013294816,16499.1361675784,38924.0
1643977778,100,POST,/v1/models/mnist:predict,17.000000,0.000000,5100,5500,5900,6100,6600,7400,7500,7600,7600,7600,7600,1004,0,5100.0,5295.030425804523,312.075013294816,16499.1361675784,38924.0
1643977778,100,,Aggregated,17.000000,0.000000,5100,5500,5900,6100,6600,7400,7500,7600,7600,7600,7600,1004,0,5100.0,5295.030425804523,312.075013294816,16499.1361675784,38924.0
1643977779,100,POST,/v1/models/mnist:predict,17.800000,0.000000,5000,5400,5800,6000,6500,6700,7400,7500,7600,7600,7600,1042,0,5100.0,5284.201888155707,312.075013294816,16499.1361675784,38924.0
1643977779,100,,Aggregated,17.800000,0.000000,5000,5400,5800,6000,6500,6700,7400,7500,7600,7600,7600,1042,0,5100.0,5284.201888155707,312.075013294816,16499.1361675784,38924.0
1643977781,100,POST,/v1/models/mnist:predict,17.600000,0.000000,5000,5400,5900,6000,6600,7100,7400,7500,7600,7600,7600,1053,0,5100.0,5286.036130203623,312.075013294816,16499.1361675784,38924.0
1643977781,100,,Aggregated,17.600000,0.000000,5000,5400,5900,6000,6600,7100,7400,7500,7600,7600,7600,1053,0,5100.0,5286.036130203623,312.075013294816,16499.1361675784,38924.0
1643977782,100,POST,/v1/models/mnist:predict,17.300000,0.000000,5000,5400,5800,5900,6500,6700,7400,7500,7500,7500,7500,1091,0,5100.0,5279.565551440299,312.075013294816,16499.1361675784,38924.0
1643977782,100,,Aggregated,17.300000,0.000000,5000,5400,5800,5900,6500,6700,7400,7500,7500,7500,7500,1091,0,5100.0,5279.565551440299,312.075013294816,16499.1361675784,38924.0
1643977784,100,POST,/v1/models/mnist:predict,17.500000,0.000000,4900,5400,5900,6000,6600,6800,7400,7500,7500,7500,7500,1103,0,5000.0,5277.254201920157,312.075013294816,16499.1361675784,38924.0
1643977784,100,,Aggregated,17.500000,0.000000,4900,5400,5900,6000,6600,6800,7400,7500,7500,7500,7500,1103,0,5000.0,5277.254201920157,312.075013294816,16499.1361675784,38924.0
1643977785,100,POST,/v1/models/mnist:predict,17.200000,0.000000,4900,5300,5800,5900,6500,6800,7200,7400,7500,7500,7500,1141,0,5000.0,5276.889825752372,312.075013294816,16499.1361675784,38924.0
1643977785,100,,Aggregated,17.200000,0.000000,4900,5300,5800,5900,6500,6800,7200,7400,7500,7500,7500,1141,0,5000.0,5276.889825752372,312.075013294816,16499.1361675784,38924.0
1643977787,100,POST,/v1/models/mnist:predict,17.600000,0.000000,4900,5500,5900,6000,6600,7100,7200,7400,7500,7500,7500,1152,0,5000.0,5279.275768839903,312.075013294816,16499.1361675784,38924.0
1643977787,100,,Aggregated,17.600000,0.000000,4900,5500,5900,6000,6600,7100,7200,7400,7500,7500,7500,1152,0,5000.0,5279.275768839903,312.075013294816,16499.1361675784,38924.0
1643977788,100,POST,/v1/models/mnist:predict,17.300000,0.000000,5000,5400,5900,6000,6500,6700,7200,7400,7500,7500,7500,1190,0,5100.0,5277.427765097031,312.075013294816,16499.1361675784,38924.0
1643977788,100,,Aggregated,17.300000,0.000000,5000,5400,5900,6000,6500,6700,7200,7400,7500,7500,7500,1190,0,5100.0,5277.427765097031,312.075013294816,16499.1361675784,38924.0
1643977790,100,POST,/v1/models/mnist:predict,17.200000,0.000000,5000,5600,5900,6100,6600,6800,7200,7400,7500,7500,7500,1202,0,5100.0,5277.407190445562,312.075013294816,16499.1361675784,38924.0
1643977790,100,,Aggregated,17.200000,0.000000,5000,5600,5900,6100,6600,6800,7200,7400,7500,7500,7500,1202,0,5100.0,5277.407190445562,312.075013294816,16499.1361675784,38924.0
1643977791,100,POST,/v1/models/mnist:predict,17.200000,0.000000,5000,5700,5900,6100,6600,6800,7200,7400,7400,7400,7400,1240,0,5000.0,5270.023553577372,312.075013294816,16499.1361675784,38924.0
1643977791,100,,Aggregated,17.200000,0.000000,5000,5700,5900,6100,6600,6800,7200,7400,7400,7400,7400,1240,0,5000.0,5270.023553577372,312.075013294816,16499.1361675784,38924.0
1643977793,100,POST,/v1/models/mnist:predict,17.200000,0.000000,5000,5600,5900,6000,6500,6800,7200,7400,7400,7400,7400,1251,0,5100.0,5269.707491792601,312.075013294816,16499.1361675784,38924.0
1643977793,100,,Aggregated,17.200000,0.000000,5000,5600,5900,6000,6500,6800,7200,7400,7400,7400,7400,1251,0,5100.0,5269.707491792601,312.075013294816,16499.1361675784,38924.0
1643977794,100,POST,/v1/models/mnist:predict,17.700000,0.000000,5000,5500,5900,6000,6500,6800,7300,7400,7400,7400,7400,1289,0,5000.0,5263.180513414673,312.075013294816,16499.1361675784,38924.0
1643977794,100,,Aggregated,17.700000,0.000000,5000,5500,5900,6000,6500,6800,7300,7400,7400,7400,7400,1289,0,5000.0,5263.180513414673,312.075013294816,16499.1361675784,38924.0
1643977796,100,POST,/v1/models/mnist:predict,17.800000,0.000000,5000,5600,5800,5900,6400,6800,7300,7400,7400,7400,7400,1301,0,5000.0,5261.5067691447,312.075013294816,16499.1361675784,38924.0
1643977796,100,,Aggregated,17.800000,0.000000,5000,5600,5800,5900,6400,6800,7300,7400,7400,7400,7400,1301,0,5000.0,5261.5067691447,312.075013294816,16499.1361675784,38924.0
1643977797,100,POST,/v1/models/mnist:predict,17.300000,0.000000,4900,5400,5800,5800,6400,6800,7200,7400,7400,7400,7400,1339,0,5000.0,5257.922462938886,312.075013294816,16499.1361675784,38924.0
1643977797,100,,Aggregated,17.300000,0.000000,4900,5400,5800,5800,6400,6800,7200,7400,7400,7400,7400,1339,0,5000.0,5257.922462938886,312.075013294816,16499.1361675784,38924.0
1643977799,100,POST,/v1/models/mnist:predict,17.200000,0.000000,4900,5700,5800,6000,6500,7100,7200,7400,7400,7400,7400,1350,0,5000.0,5261.225939869053,312.075013294816,16499.1361675784,38924.0
1643977799,100,,Aggregated,17.200000,0.000000,4900,5700,5800,6000,6500,7100,7200,7400,7400,7400,7400,1350,0,5000.0,5261.225939869053,312.075013294816,16499.1361675784,38924.0
1643977800,100,POST,/v1/models/mnist:predict,17.400000,0.000000,4900,5200,5800,5900,6300,6700,7200,7200,7300,7300,7300,1388,0,5000.0,5253.677353443395,312.075013294816,16499.1361675784,38924.0
1643977800,100,,Aggregated,17.400000,0.000000,4900,5200,5800,5900,6300,6700,7200,7200,7300,7300,7300,1388,0,5000.0,5253.677353443395,312.075013294816,16499.1361675784,38924.0
1643977802,100,POST,/v1/models/mnist:predict,17.500000,0.000000,4900,5700,5900,6000,6400,6800,7200,7200,7300,7300,7300,1400,0,5000.0,5256.2653952451155,312.075013294816,16499.1361675784,38924.0
1643977802,100,,Aggregated,17.500000,0.000000,4900,5700,5900,6000,6400,6800,7200,7200,7300,7300,7300,1400,0,5000.0,5256.2653952451155,312.075013294816,16499.1361675784,38924.0
1643977803,100,POST,/v1/models/mnist:predict,17.400000,0.000000,4900,5400,5900,5900,6100,6700,7200,7200,7200,7200,7200,1438,0,5000.0,5248.753911197076,312.075013294816,16499.1361675784,38924.0
1643977803,100,,Aggregated,17.400000,0.000000,4900,5400,5900,5900,6100,6700,7200,7200,7200,7200,7200,1438,0,5000.0,5248.753911197076,312.075013294816,16499.1361675784,38924.0
1643977805,100,POST,/v1/models/mnist:predict,15.900000,0.000000,5000,5800,5900,6000,6500,6700,7200,7200,7200,7200,7200,1449,0,5000.0,5254.237813002245,312.075013294816,16499.1361675784,38924.0
1643977805,100,,Aggregated,15.900000,0.000000,5000,5800,5900,6000,6500,6700,7200,7200,7200,7200,7200,1449,0,5000.0,5254.237813002245,312.075013294816,16499.1361675784,38924.0
1643977807,100,POST,/v1/models/mnist:predict,15.100000,0.000000,5100,5800,5900,6000,6200,6600,6800,7200,7500,7500,7500,1487,0,5100.0,5256.933898821589,312.075013294816,16499.1361675784,38924.0
1643977807,100,,Aggregated,15.100000,0.000000,5100,5800,5900,6000,6200,6600,6800,7200,7500,7500,7500,1487,0,5100.0,5256.933898821589,312.075013294816,16499.1361675784,38924.0
1643977808,100,POST,/v1/models/mnist:predict,16.200000,0.000000,5100,5800,5900,6000,6100,6500,6800,7200,7500,7500,7500,1498,0,5100.0,5257.274312750549,312.075013294816,16499.1361675784,38924.0
1643977808,100,,Aggregated,16.200000,0.000000,5100,5800,5900,6000,6100,6500,6800,7200,7500,7500,7500,1498,0,5100.0,5257.274312750549,312.075013294816,16499.1361675784,38924.0
1643977810,100,POST,/v1/models/mnist:predict,14.700000,0.000000,5300,5700,6000,6000,6300,6500,6800,7200,7500,7500,7500,1537,0,5100.0,5261.298444382628,312.075013294816,16499.1361675784,38924.0
1643977810,100,,Aggregated,14.700000,0.000000,5300,5700,6000,6000,6300,6500,6800,7200,7500,7500,7500,1537,0,5100.0,5261.298444382628,312.075013294816,16499.1361675784,38924.0
1643977812,100,POST,/v1/models/mnist:predict,15.100000,0.000000,5300,5800,6000,6100,6300,6500,6800,7000,7500,7500,7500,1547,0,5100.0,5264.182578992043,312.075013294816,16499.1361675784,38924.0
1643977812,100,,Aggregated,15.100000,0.000000,5300,5800,6000,6100,6300,6500,6800,7000,7500,7500,7500,1547,0,5100.0,5264.182578992043,312.075013294816,16499.1361675784,38924.0
1643977813,100,POST,/v1/models/mnist:predict,14.700000,0.000000,5300,5800,6100,6100,6300,6400,6600,7000,7500,7500,7500,1586,0,5100.0,5264.270518515329,312.075013294816,16499.1361675784,38924.0
1643977813,100,,Aggregated,14.700000,0.000000,5300,5800,6100,6100,6300,6400,6600,7000,7500,7500,7500,1586,0,5100.0,5264.270518515329,312.075013294816,16499.1361675784,38924.0
1643977815,100,POST,/v1/models/mnist:predict,16.800000,0.000000,5300,5700,6000,6100,6300,6400,6800,6800,7000,7000,7000,1597,0,5100.0,5265.42609987714,312.075013294816,16499.1361675784,38924.0
1643977815,100,,Aggregated,16.800000,0.000000,5300,5700,6000,6100,6300,6400,6800,6800,7000,7000,7000,1597,0,5100.0,5265.42609987714,312.075013294816,16499.1361675784,38924.0
1643977816,100,POST,/v1/models/mnist:predict,14.800000,0.000000,5300,5700,6000,6100,6300,6400,6500,6800,7000,7000,7000,1636,0,5100.0,5263.097049841489,312.075013294816,16499.1361675784,38924.0
1643977816,100,,Aggregated,14.800000,0.000000,5300,5700,6000,6100,6300,6400,6500,6800,7000,7000,7000,1636,0,5100.0,5263.097049841489,312.075013294816,16499.1361675784,38924.0
1643977818,100,POST,/v1/models/mnist:predict,16.700000,0.000000,5300,5700,5900,6000,6300,6400,6800,6800,7000,7000,7000,1646,0,5100.0,5264.278239992086,312.075013294816,16499.1361675784,38924.0
1643977818,100,,Aggregated,16.700000,0.000000,5300,5700,5900,6000,6300,6400,6800,6800,7000,7000,7000,1646,0,5100.0,5264.278239992086,312.075013294816,16499.1361675784,38924.0
1643977819,100,POST,/v1/models/mnist:predict,16.900000,0.000000,5300,5700,5900,6000,6200,6300,6400,6800,7000,7000,7000,1685,0,5100.0,5263.433331512578,312.075013294816,16499.1361675784,38924.0
1643977819,100,,Aggregated,16.900000,0.000000,5300,5700,5900,6000,6200,6300,6400,6800,7000,7000,7000,1685,0,5100.0,5263.433331512578,312.075013294816,16499.1361675784,38924.0
1643977821,100,POST,/v1/models/mnist:predict,15.000000,0.000000,5300,5700,5900,6000,6200,6300,6400,6400,6800,6800,6800,1696,0,5100.0,5262.112205049664,312.075013294816,16499.1361675784,38924.0
1643977821,100,,Aggregated,15.000000,0.000000,5300,5700,5900,6000,6200,6300,6400,6400,6800,6800,6800,1696,0,5100.0,5262.112205049664,312.075013294816,16499.1361675784,38924.0
1643977822,100,POST,/v1/models/mnist:predict,17.100000,0.000000,5300,5600,5800,5900,6100,6200,6300,6500,6800,6800,6800,1735,0,5100.0,5259.54463828237,312.075013294816,16499.1361675784,38924.0
1643977822,100,,Aggregated,17.100000,0.000000,5300,5600,5800,5900,6100,6200,6300,6500,6800,6800,6800,1735,0,5100.0,5259.54463828237,312.075013294816,16499.1361675784,38924.0
1643977824,100,POST,/v1/models/mnist:predict,16.400000,0.000000,5300,5600,5800,5900,6100,6200,6300,6300,6500,6500,6500,1745,0,5100.0,5259.078463177626,312.075013294816,16499.1361675784,38924.0
1643977824,100,,Aggregated,16.400000,0.000000,5300,5600,5800,5900,6100,6200,6300,6300,6500,6500,6500,1745,0,5100.0,5259.078463177626,312.075013294816,16499.1361675784,38924.0
1643977826,100,POST,/v1/models/mnist:predict,14.700000,0.000000,5200,5600,5800,5900,6000,6200,6200,6300,6500,6500,6500,1784,0,5100.0,5257.089338388561,312.075013294816,16499.1361675784,38924.0
1643977826,100,,Aggregated,14.700000,0.000000,5200,5600,5800,5900,6000,6200,6200,6300,6500,6500,6500,1784,0,5100.0,5257.089338388561,312.075013294816,16499.1361675784,38924.0
1643977827,100,POST,/v1/models/mnist:predict,16.200000,0.000000,5200,5700,5800,5900,6100,6200,6200,6300,6500,6500,6500,1795,0,5100.0,5256.484873053258,312.075013294816,16499.1361675784,38924.0
1643977827,100,,Aggregated,16.200000,0.000000,5200,5700,5800,5900,6100,6200,6200,6300,6500,6500,6500,1795,0,5100.0,5256.484873053258,312.075013294816,16499.1361675784,38924.0
1643977829,100,POST,/v1/models/mnist:predict,14.500000,0.000000,5200,5600,5800,5900,6000,6200,6200,6300,6500,6500,6500,1834,0,5100.0,5252.595628466002,312.075013294816,16499.1361675784,38924.0
1643977829,100,,Aggregated,14.500000,0.000000,5200,5600,5800,5900,6000,6200,6200,6300,6500,6500,6500,1834,0,5100.0,5252.595628466002,312.075013294816,16499.1361675784,38924.0
1643977830,100,POST,/v1/models/mnist:predict,16.200000,0.000000,5200,5600,5800,5800,6000,6100,6200,6300,6500,6500,6500,1844,0,5100.0,5253.31723276847,312.075013294816,16499.1361675784,38924.0
1643977830,100,,Aggregated,16.200000,0.000000,5200,5600,5800,5800,6000,6100,6200,6300,6500,6500,6500,1844,0,5100.0,5253.31723276847,312.075013294816,16499.1361675784,38924.0
1643977832,100,POST,/v1/models/mnist:predict,15.000000,0.000000,5200,5600,5800,5800,6000,6100,6200,6500,7100,7100,7100,1883,0,5100.0,5250.630131203521,312.075013294816,16499.1361675784,38924.0
1643977832,100,,Aggregated,15.000000,0.000000,5200,5600,5800,5800,6000,6100,6200,6500,7100,7100,7100,1883,0,5100.0,5250.630131203521,312.075013294816,16499.1361675784,38924.0
1643977833,100,POST,/v1/models/mnist:predict,16.000000,0.000000,5200,5600,5700,5800,6000,6100,6200,6300,7100,7100,7100,1894,0,5100.0,5248.975974583355,312.075013294816,16499.1361675784,38924.0
1643977833,100,,Aggregated,16.000000,0.000000,5200,5600,5700,5800,6000,6100,6200,6300,7100,7100,7100,1894,0,5100.0,5248.975974583355,312.075013294816,16499.1361675784,38924.0
1643977835,100,POST,/v1/models/mnist:predict,15.100000,0.000000,5200,5500,5600,5700,6000,6100,6200,6300,7100,7100,7100,1933,0,5100.0,5243.581080934986,312.075013294816,16499.1361675784,38924.0
1643977835,100,,Aggregated,15.100000,0.000000,5200,5500,5600,5700,6000,6100,6200,6300,7100,7100,7100,1933,0,5100.0,5243.581080934986,312.075013294816,16499.1361675784,38924.0
1643977836,100,POST,/v1/models/mnist:predict,16.400000,0.000000,5200,5500,5600,5700,6000,6100,6200,6300,7100,7100,7100,1943,0,5100.0,5242.348107852509,312.075013294816,16499.1361675784,38924.0
1643977836,100,,Aggregated,16.400000,0.000000,5200,5500,5600,5700,6000,6100,6200,6300,7100,7100,7100,1943,0,5100.0,5242.348107852509,312.075013294816,16499.1361675784,38924.0
1643977838,100,POST,/v1/models/mnist:predict,16.500000,0.000000,5100,5500,5600,5700,5900,6100,6100,6200,7100,7100,7100,1982,0,5100.0,5241.110809196227,312.075013294816,16499.1361675784,38924.0
1643977838,100,,Aggregated,16.500000,0.000000,5100,5500,5600,5700,5900,6100,6100,6200,7100,7100,7100,1982,0,5100.0,5241.110809196227,312.075013294816,16499.1361675784,38924.0
1643977839,100,POST,/v1/models/mnist:predict,16.400000,0.000000,5200,5500,5700,5800,5900,6100,6200,6600,7100,7100,7100,1993,0,5100.0,5240.07533816831,312.075013294816,16499.1361675784,38924.0
1643977839,100,,Aggregated,16.400000,0.000000,5200,5500,5700,5800,5900,6100,6200,6600,7100,7100,7100,1993,0,5100.0,5240.07533816831,312.075013294816,16499.1361675784,38924.0
1643977841,100,POST,/v1/models/mnist:predict,16.500000,0.000000,5100,5400,5600,5700,5900,6000,6100,6100,6600,6600,6600,2032,0,5100.0,5234.152308753215,312.075013294816,16499.1361675784,38924.0
1643977841,100,,Aggregated,16.500000,0.000000,5100,5400,5600,5700,5900,6000,6100,6100,6600,6600,6600,2032,0,5100.0,5234.152308753215,312.075013294816,16499.1361675784,38924.0
1643977842,100,POST,/v1/models/mnist:predict,16.200000,0.000000,5100,5400,5600,5700,5900,6000,6100,6100,6600,6600,6600,2042,0,5100.0,5233.701096302633,312.075013294816,16499.1361675784,38924.0
1643977842,100,,Aggregated,16.200000,0.000000,5100,5400,5600,5700,5900,6000,6100,6100,6600,6600,6600,2042,0,5100.0,5233.701096302633,312.075013294816,16499.1361675784,38924.0
1643977844,100,POST,/v1/models/mnist:predict,17.100000,0.000000,5100,5400,5600,5700,5900,6000,6100,6100,6600,6600,6600,2081,0,5100.0,5227.7500391098665,312.075013294816,16499.1361675784,38924.0
1643977844,100,,Aggregated,17.100000,0.000000,5100,5400,5600,5700,5900,6000,6100,6100,6600,6600,6600,2081,0,5100.0,5227.7500391098665,312.075013294816,16499.1361675784,38924.0
1643977846,100,POST,/v1/models/mnist:predict,16.400000,0.000000,5100,5400,5500,5700,5800,5900,6100,6100,6600,6600,6600,2092,0,5100.0,5226.433018445043,312.075013294816,16499.1361675784,38924.0
1643977846,100,,Aggregated,16.400000,0.000000,5100,5400,5500,5700,5800,5900,6100,6100,6600,6600,6600,2092,0,5100.0,5226.433018445043,312.075013294816,16499.1361675784,38924.0
1643977847,100,POST,/v1/models/mnist:predict,16.700000,0.000000,5100,5400,5500,5700,5800,6000,6100,6100,6600,6600,6600,2131,0,5100.0,5223.661644202458,312.075013294816,16499.1361675784,38924.0
1643977847,100,,Aggregated,16.700000,0.000000,5100,5400,5500,5700,5800,6000,6100,6100,6600,6600,6600,2131,0,5100.0,5223.661644202458,312.075013294816,16499.1361675784,38924.0
1643977849,100,POST,/v1/models/mnist:predict,17.100000,0.000000,5000,5300,5500,5600,5800,5900,6000,6100,6100,6100,6100,2141,0,5100.0,5223.509127506442,312.075013294816,16499.1361675784,38924.0
1643977849,100,,Aggregated,17.100000,0.000000,5000,5300,5500,5600,5800,5900,6000,6100,6100,6100,6100,2141,0,5100.0,5223.509127506442,312.075013294816,16499.1361675784,38924.0
1643977850,100,POST,/v1/models/mnist:predict,16.500000,0.000000,5100,5400,5600,5800,6000,6200,6300,6400,6500,6500,6500,2180,0,5100.0,5227.6708745483065,312.075013294816,16499.1361675784,38924.0
1643977850,100,,Aggregated,16.500000,0.000000,5100,5400,5600,5800,6000,6200,6300,6400,6500,6500,6500,2180,0,5100.0,5227.6708745483065,312.075013294816,16499.1361675784,38924.0
1643977852,100,POST,/v1/models/mnist:predict,15.100000,0.000000,5200,5500,5700,5800,6100,6200,6300,6400,6500,6500,6500,2191,0,5100.0,5227.334512267151,312.075013294816,16499.1361675784,38924.0
1643977852,100,,Aggregated,15.100000,0.000000,5200,5500,5700,5800,6100,6200,6300,6400,6500,6500,6500,2191,0,5100.0,5227.334512267151,312.075013294816,16499.1361675784,38924.0
1643977853,100,POST,/v1/models/mnist:predict,16.300000,0.000000,5200,5500,5800,5900,6100,6300,6300,6400,6500,6500,6500,2230,0,5100.0,5226.202974825546,312.075013294816,16499.1361675784,38924.0
1643977853,100,,Aggregated,16.300000,0.000000,5200,5500,5800,5900,6100,6300,6300,6400,6500,6500,6500,2230,0,5100.0,5226.202974825546,312.075013294816,16499.1361675784,38924.0
1643977855,100,POST,/v1/models/mnist:predict,15.400000,0.000000,5300,5600,5900,6000,6100,6300,6400,6400,6500,6500,6500,2240,0,5100.0,5225.488313085433,312.075013294816,16499.1361675784,38924.0
1643977855,100,,Aggregated,15.400000,0.000000,5300,5600,5900,6000,6100,6300,6400,6400,6500,6500,6500,2240,0,5100.0,5225.488313085433,312.075013294816,16499.1361675784,38924.0
1643977857,100,POST,/v1/models/mnist:predict,14.900000,0.000000,5300,5600,5900,6000,6200,6300,6300,6400,6500,6500,6500,2279,0,5100.0,5224.3804009055075,312.075013294816,16499.1361675784,38924.0
1643977857,100,,Aggregated,14.900000,0.000000,5300,5600,5900,6000,6200,6300,6300,6400,6500,6500,6500,2279,0,5100.0,5224.3804009055075,312.075013294816,16499.1361675784,38924.0
1643977858,100,POST,/v1/models/mnist:predict,15.700000,0.000000,5300,5700,5900,6000,6200,6300,6300,6400,6500,6500,6500,2290,0,5100.0,5224.281650973589,312.075013294816,16499.1361675784,38924.0
1643977858,100,,Aggregated,15.700000,0.000000,5300,5700,5900,6000,6200,6300,6300,6400,6500,6500,6500,2290,0,5100.0,5224.281650973589,312.075013294816,16499.1361675784,38924.0
1643977860,100,POST,/v1/models/mnist:predict,15.300000,0.000000,5300,5600,5800,5900,6100,6200,6300,6400,6400,6400,6400,2329,0,5100.0,5223.019788960237,312.075013294816,16499.1361675784,38924.0
1643977860,100,,Aggregated,15.300000,0.000000,5300,5600,5800,5900,6100,6200,6300,6400,6400,6400,6400,2329,0,5100.0,5223.019788960237,312.075013294816,16499.1361675784,38924.0
1643977861,100,POST,/v1/models/mnist:predict,16.200000,0.000000,5200,5500,5700,5900,6100,6200,6300,6400,6400,6400,6400,2339,0,5100.0,5221.885032449738,312.075013294816,16499.1361675784,38924.0
1643977861,100,,Aggregated,16.200000,0.000000,5200,5500,5700,5900,6100,6200,6300,6400,6400,6400,6400,2339,0,5100.0,5221.885032449738,312.075013294816,16499.1361675784,38924.0
1643977863,100,POST,/v1/models/mnist:predict,14.900000,0.000000,5300,5500,5800,5900,6100,6200,6300,6300,6400,6400,6400,2378,0,5100.0,5220.0363349886975,312.075013294816,16499.1361675784,38924.0
1643977863,100,,Aggregated,14.900000,0.000000,5300,5500,5800,5900,6100,6200,6300,6300,6400,6400,6400,2378,0,5100.0,5220.0363349886975,312.075013294816,16499.1361675784,38924.0
1643977864,100,POST,/v1/models/mnist:predict,16.700000,0.000000,5300,5600,5800,5900,6100,6200,6300,6300,6400,6400,6400,2389,0,5100.0,5218.808753266634,312.075013294816,16499.1361675784,38924.0
1643977864,100,,Aggregated,16.700000,0.000000,5300,5600,5800,5900,6100,6200,6300,6300,6400,6400,6400,2389,0,5100.0,5218.808753266634,312.075013294816,16499.1361675784,38924.0
1643977866,100,POST,/v1/models/mnist:predict,15.400000,0.000000,5100,5500,5700,5800,5900,6100,6200,6300,6400,6400,6400,2428,0,5100.0,5213.606549554261,312.075013294816,16499.1361675784,38924.0
1643977866,100,,Aggregated,15.400000,0.000000,5100,5500,5700,5800,5900,6100,6200,6300,6400,6400,6400,2428,0,5100.0,5213.606549554261,312.075013294816,16499.1361675784,38924.0
1643977867,100,POST,/v1/models/mnist:predict,16.200000,0.000000,5100,5500,5700,5800,6000,6100,6200,6300,6400,6400,6400,2438,0,5100.0,5212.17328703361,312.075013294816,16499.1361675784,38924.0
1643977867,100,,Aggregated,16.200000,0.000000,5100,5500,5700,5800,6000,6100,6200,6300,6400,6400,6400,2438,0,5100.0,5212.17328703361,312.075013294816,16499.1361675784,38924.0
1643977869,100,POST,/v1/models/mnist:predict,17.000000,0.000000,5000,5400,5600,5700,5900,6000,6100,6200,6200,6200,6200,2477,0,5100.0,5208.773071681769,312.075013294816,16499.1361675784,38924.0
1643977869,100,,Aggregated,17.000000,0.000000,5000,5400,5600,5700,5900,6000,6100,6200,6200,6200,6200,2477,0,5100.0,5208.773071681769,312.075013294816,16499.1361675784,38924.0
1643977870,100,POST,/v1/models/mnist:predict,15.800000,0.000000,5000,5400,5600,5700,5900,6000,6100,6200,6200,6200,6200,2488,0,5100.0,5207.253644181119,312.075013294816,16499.1361675784,38924.0
1643977870,100,,Aggregated,15.800000,0.000000,5000,5400,5600,5700,5900,6000,6100,6200,6200,6200,6200,2488,0,5100.0,5207.253644181119,312.075013294816,16499.1361675784,38924.0
1643977872,100,POST,/v1/models/mnist:predict,15.800000,0.000000,5000,5300,5500,5600,5800,5900,6000,6100,6100,6100,6100,2527,0,5100.0,5203.329380638131,312.075013294816,16499.1361675784,38924.0
1643977872,100,,Aggregated,15.800000,0.000000,5000,5300,5500,5600,5800,5900,6000,6100,6100,6100,6100,2527,0,5100.0,5203.329380638131,312.075013294816,16499.1361675784,38924.0
1643977874,100,POST,/v1/models/mnist:predict,17.400000,0.000000,5000,5200,5400,5500,5800,5900,6100,6100,6100,6100,6100,2537,0,5100.0,5201.228109592551,312.075013294816,16499.1361675784,38924.0
1643977874,100,,Aggregated,17.400000,0.000000,5000,5200,5400,5500,5800,5900,6100,6100,6100,6100,6100,2537,0,5100.0,5201.228109592551,312.075013294816,16499.1361675784,38924.0
1643977875,100,POST,/v1/models/mnist:predict,16.500000,0.000000,5000,5200,5400,5500,5900,6000,6100,6100,6100,6100,6100,2576,0,5100.0,5198.543224533621,312.075013294816,16499.1361675784,38924.0
1643977875,100,,Aggregated,16.500000,0.000000,5000,5200,5400,5500,5900,6000,6100,6100,6100,6100,6100,2576,0,5100.0,5198.543224533621,312.075013294816,16499.1361675784,38924.0
1643977877,100,POST,/v1/models/mnist:predict,16.700000,0.000000,5000,5300,5500,5600,5800,5900,6100,6100,6100,6100,6100,2587,0,5100.0,5197.645584852148,312.075013294816,16499.1361675784,38924.0
1643977877,100,,Aggregated,16.700000,0.000000,5000,5300,5500,5600,5800,5900,6100,6100,6100,6100,6100,2587,0,5100.0,5197.645584852148,312.075013294816,16499.1361675784,38924.0
1643977878,100,POST,/v1/models/mnist:predict,16.200000,0.000000,5100,5400,5500,5700,6000,6100,6200,6300,6400,6400,6400,2626,0,5100.0,5198.9129501907755,312.075013294816,16499.1361675784,38924.0
1643977878,100,,Aggregated,16.200000,0.000000,5100,5400,5500,5700,6000,6100,6200,6300,6400,6400,6400,2626,0,5100.0,5198.9129501907755,312.075013294816,16499.1361675784,38924.0
1643977880,100,POST,/v1/models/mnist:predict,15.200000,0.000000,5100,5400,5600,5700,6000,6100,6200,6300,6400,6400,6400,2636,0,5100.0,5197.589725959051,312.075013294816,16499.1361675784,38924.0
1643977880,100,,Aggregated,15.200000,0.000000,5100,5400,5600,5700,6000,6100,6200,6300,6400,6400,6400,2636,0,5100.0,5197.589725959051,312.075013294816,16499.1361675784,38924.0
1643977881,100,POST,/v1/models/mnist:predict,16.400000,0.000000,5100,5400,5600,5700,6000,6100,6300,6300,6400,6400,6400,2675,0,5100.0,5194.993968240081,312.075013294816,16499.1361675784,38924.0
1643977881,100,,Aggregated,16.400000,0.000000,5100,5400,5600,5700,6000,6100,6300,6300,6400,6400,6400,2675,0,5100.0,5194.993968240081,312.075013294816,16499.1361675784,38924.0
